﻿<LinkSources version="1.02">
  <page ID="CCEB6860-DD8F-4DBB-B5FC-AD562BCC9197">
    <linkSource sourcePageID="28FE9BD9-C8CA-489A-85FD-D7F49763BB80" comID="84DBDC27-71A5-4339-A459-3DD7CF9FB24A" comLinkType="cltPageLink"/>
  </page>
  <page ID="05EBF700-18C2-42B6-857B-0420A7A9F815">
    <linkSource sourcePageID="CCEB6860-DD8F-4DBB-B5FC-AD562BCC9197" comID="ED176922-6E00-48AD-9CA0-00B607F8508F" comLinkType="cltPageLink"/>
    <linkSource sourcePageID="0D7F933B-DBAC-4F7C-A7CD-68DDB387EB66" comID="7936B324-BF81-43EE-8772-AE92D7617E0B" comLinkType="cltPageLink"/>
  </page>
  <page ID="0D7F933B-DBAC-4F7C-A7CD-68DDB387EB66">
    <linkSource sourcePageID="CCEB6860-DD8F-4DBB-B5FC-AD562BCC9197" comID="E7E8EDEB-664C-4DA7-98D4-79CA5469B64C" comLinkType="cltPageLink"/>
    <linkSource sourcePageID="05EBF700-18C2-42B6-857B-0420A7A9F815" comID="7936B324-BF81-43EE-8772-AE92D7617E0B" comLinkType="cltPageLink"/>
  </page>
  <page ID="8BE35B5F-3E8C-4BF7-9F54-0C1A124CDD2B">
    <linkSource sourcePageID="FFBEF9C8-7666-47EE-8EF0-49583B1047F3" comID="BCBE10F3-C799-4D7B-A949-7D095BBD39DB" comLinkType="cltPageLink"/>
    <linkSource sourcePageID="F2B6D279-B22F-4224-BEDD-9A5672C35886" comID="D370D297-9819-471B-AFF9-31189AE358E7" comLinkType="cltPageLink"/>
    <linkSource sourcePageID="0D7F933B-DBAC-4F7C-A7CD-68DDB387EB66" comID="76EF4132-A6B7-4DB4-BF2C-8628A6500E31" comLinkType="cltPageLink"/>
    <linkSource sourcePageID="05EBF700-18C2-42B6-857B-0420A7A9F815" comID="76EF4132-A6B7-4DB4-BF2C-8628A6500E31" comLinkType="cltPageLink"/>
    <linkSource sourcePageID="28FE9BD9-C8CA-489A-85FD-D7F49763BB80" comID="EEF54C87-892F-46A6-B393-896C2853FCE7" comLinkType="cltPageLink"/>
    <linkSource sourcePageID="05EBF700-18C2-42B6-857B-0420A7A9F815" comID="50C97CC2-81D0-49A3-8C62-C92FF85EECFA" comLinkType="cltPageLink"/>
    <linkSource sourcePageID="0D7F933B-DBAC-4F7C-A7CD-68DDB387EB66" comID="1007C300-6BD4-45AB-A9A8-6B4A2949626F" comLinkType="cltPageLink"/>
    <linkSource sourcePageID="F940C768-BF09-4B36-A54F-4DF171B50419" comID="12F01BB8-634B-439D-BE86-2C1DB4D24092" comLinkType="cltPageLink"/>
    <linkSource sourcePageID="3F618A98-D332-455E-ACA9-FE51B7E7F433" comID="68DA725C-AB89-4BBB-8BEE-AA63F158A9E1" comLinkType="cltPageLink"/>
  </page>
  <page ID="3F618A98-D332-455E-ACA9-FE51B7E7F433">
    <linkSource sourcePageID="8BE35B5F-3E8C-4BF7-9F54-0C1A124CDD2B" comID="CB92D0A8-BDEC-4CB6-8795-D6C64D96EC70" comLinkType="cltPageLink"/>
    <linkSource sourcePageID="3F618A98-D332-455E-ACA9-FE51B7E7F433" comID="68DA725C-AB89-4BBB-8BEE-AA63F158A9E1" comLinkType="cltPageLink"/>
    <linkSource sourcePageID="F940C768-BF09-4B36-A54F-4DF171B50419" comID="93EEF4BD-886A-45A0-9873-678670DD2C6A" comLinkType="cltPageLink"/>
    <linkSource sourcePageID="F940C768-BF09-4B36-A54F-4DF171B50419" comID="12F01BB8-634B-439D-BE86-2C1DB4D24092" comLinkType="cltPageLink"/>
  </page>
  <page ID="FFBEF9C8-7666-47EE-8EF0-49583B1047F3">
    <linkSource sourcePageID="8BE35B5F-3E8C-4BF7-9F54-0C1A124CDD2B" comID="0BE1085F-95AB-4BC1-95F0-C7799EA4E5FC" comLinkType="cltPageLink"/>
    <linkSource sourcePageID="8BE35B5F-3E8C-4BF7-9F54-0C1A124CDD2B" comID="5EA0D001-92B9-45CD-8D1E-4B542352FA19" comLinkType="cltPageLink"/>
    <linkSource sourcePageID="F2B6D279-B22F-4224-BEDD-9A5672C35886" comID="D370D297-9819-471B-AFF9-31189AE358E7" comLinkType="cltPageLink"/>
    <linkSource sourcePageID="3A00EB09-B21C-4ED3-9C5E-3717CFA3097A" comID="296E84A1-0900-4DA5-B51B-E17417443741" comLinkType="cltPageLink"/>
  </page>
  <page ID="F2B6D279-B22F-4224-BEDD-9A5672C35886">
    <linkSource sourcePageID="8BE35B5F-3E8C-4BF7-9F54-0C1A124CDD2B" comID="B66B81D1-C5A5-4E46-9C54-79F6C5E89557" comLinkType="cltPageLink"/>
    <linkSource sourcePageID="3F618A98-D332-455E-ACA9-FE51B7E7F433" comID="5A6CC33C-E0A3-4933-897C-69B3C4CE04E2" comLinkType="cltPageLink"/>
  </page>
  <page ID="28FE9BD9-C8CA-489A-85FD-D7F49763BB80">
    <linkSource sourcePageID="8BE35B5F-3E8C-4BF7-9F54-0C1A124CDD2B" comID="57EAE004-7D00-4970-B533-1396FA665A7A" comLinkType="cltPageLink"/>
  </page>
  <page ID="CF4089A0-62D7-42BB-A9F3-A33BA14D4A76">
    <linkSource sourcePageID="8BE35B5F-3E8C-4BF7-9F54-0C1A124CDD2B" comID="CE82FEE3-8655-4766-89BC-769987645249" comLinkType="cltPageLink"/>
    <linkSource sourcePageID="F940C768-BF09-4B36-A54F-4DF171B50419" comID="95B651CF-924F-45A9-B6D9-357BDF37E50C" comLinkType="cltPageLink"/>
    <linkSource sourcePageID="F940C768-BF09-4B36-A54F-4DF171B50419" comID="5A408254-C07C-41A3-AB3F-2B9C36CAABFD" comLinkType="cltPageLink"/>
    <linkSource sourcePageID="EEFEBE1F-0462-4BA2-8241-636C7352EAC8" comID="18D2B44E-6F82-4CCF-A7C7-E84A03776B19" comLinkType="cltPageLink"/>
    <linkSource sourcePageID="6E63AC81-9B7D-4287-B65B-211AD141543E" comID="8362D32D-68CE-4E07-9E64-19B5E2F84893" comLinkType="cltPageLink"/>
  </page>
  <page ID="F940C768-BF09-4B36-A54F-4DF171B50419">
    <linkSource sourcePageID="CF4089A0-62D7-42BB-A9F3-A33BA14D4A76" comID="7E6919B2-7E1C-48F2-AAFD-33FEA2DFB318" comLinkType="cltPageLink"/>
    <linkSource sourcePageID="6E63AC81-9B7D-4287-B65B-211AD141543E" comID="8362D32D-68CE-4E07-9E64-19B5E2F84893" comLinkType="cltPageLink"/>
    <linkSource sourcePageID="EA20D1A8-9865-4686-AA2F-FADEE4BD286D" comID="F4079D4A-F2F5-48D7-B887-92C6DA79A0F8" comLinkType="cltPageLink"/>
  </page>
  <page ID="EA20D1A8-9865-4686-AA2F-FADEE4BD286D">
    <linkSource sourcePageID="F940C768-BF09-4B36-A54F-4DF171B50419" comID="3980774A-745F-4144-9DBB-49A58C8D663C" comLinkType="cltPageLink"/>
  </page>
  <page ID="EEFEBE1F-0462-4BA2-8241-636C7352EAC8">
    <linkSource sourcePageID="ED963C19-83CD-4DAD-A318-77EA66F7A5B7" comID="994BFFA0-D77D-42FD-834F-BC0AA8FF8C2B" comLinkType="cltPageLink"/>
  </page>
  <page ID="ED963C19-83CD-4DAD-A318-77EA66F7A5B7">
    <linkSource sourcePageID="EEFEBE1F-0462-4BA2-8241-636C7352EAC8" comID="FB8B60C9-903A-4348-A1C8-1C7B21861F86" comLinkType="cltPageLink"/>
  </page>
  <page ID="3A00EB09-B21C-4ED3-9C5E-3717CFA3097A">
    <linkSource sourcePageID="F940C768-BF09-4B36-A54F-4DF171B50419" comID="394E42CC-3232-47FE-AA8E-FD95B4FBCF5F" comLinkType="cltPageLink"/>
    <linkSource sourcePageID="D45E41EE-EAB9-4972-B696-B96325208D45" comID="5BBEB203-41D5-41CC-ACA6-10F1D2AA8E23" comLinkType="cltPageLink"/>
    <linkSource sourcePageID="D45E41EE-EAB9-4972-B696-B96325208D45" comID="EBAC6E1C-150C-461B-B904-7C17561A7D86" comLinkType="cltPageLink"/>
    <linkSource sourcePageID="8BE35B5F-3E8C-4BF7-9F54-0C1A124CDD2B" comID="0810B119-CD25-48AE-9F48-655106B58EC0" comLinkType="cltPageLink"/>
  </page>
  <page ID="D45E41EE-EAB9-4972-B696-B96325208D45">
    <linkSource sourcePageID="3A00EB09-B21C-4ED3-9C5E-3717CFA3097A" comID="6E87CD52-0BDE-4A72-AEFF-F06250A9A956" comLinkType="cltPageLink"/>
  </page>
  <page ID="6E63AC81-9B7D-4287-B65B-211AD141543E">
    <linkSource sourcePageID="8BE35B5F-3E8C-4BF7-9F54-0C1A124CDD2B" comID="481EFD00-0FAB-4274-926A-737D7DFBCCA9" comLinkType="cltPageLink"/>
    <linkSource sourcePageID="4BAC16AE-0091-4993-B3E7-9ED687F043F1" comID="3D31C8FB-5CBE-4607-B077-3BC0C8AB0AEB" comLinkType="cltPageLink"/>
  </page>
  <page ID="4BAC16AE-0091-4993-B3E7-9ED687F043F1">
    <linkSource sourcePageID="6E63AC81-9B7D-4287-B65B-211AD141543E" comID="E6269BD9-FEA1-46AB-89D5-D807FF883ABC" comLinkType="cltPageLink"/>
    <linkSource sourcePageID="D45E41EE-EAB9-4972-B696-B96325208D45" comID="46726E0B-F7FD-4BBD-AB8F-3FDD924E7B44" comLinkType="cltPageLink"/>
  </page>
</LinkSources>