﻿<mockup version="5.2" minAllowVersion="5.2" ID="D45E41EE-EAB9-4972-B696-B96325208D45" platform="MtMobile" defaultW="375" defaultH="667" measureW="375" measureH="667" screenOrientation="MoPortrait" mobileScreenScale="1.77777779102325" clipArea="(0,0,0,0)">
  <controls controlCount="18">
    <control controlID="652FB276-D16E-421B-90AF-9DEB0997A432" controlTypeID="Label" x="59" y="13" w="212" h="19" zOrder="0">
      <font family="Arial" displayName="Arial+Bold" postScript="" weightStyle="Bold" weight="700" isBold="True" isItalic="False"/>
      <text>Post+a+new+Service+Request</text>
      <textSize>16</textSize>
      <lineSpacing>0</lineSpacing>
      <textStyles>[fsBold]</textStyles>
      <useDefaultTextSize>False</useDefaultTextSize>
      <selectedIndex>-1</selectedIndex>
    </control>
    <control controlID="5BBEB203-41D5-41CC-ACA6-10F1D2AA8E23" controlTypeID="Icon" x="10" y="12" w="24" h="24" zOrder="1">
      <links eventType="AtClick" animate="AmPushRight" animateAutoDelay="0" animateDuration="500">
        <link targetPageID="3A00EB09-B21C-4ED3-9C5E-3717CFA3097A" linkType="ltPageLink" isApplyIncludePage="False" title="My+Jobs">
          <area shape="0" alt="" ID="{3762470F-C5A8-4894-BF93-0AF6A33E18CE}" coords="(0,0,24,24)"/>
        </link>
      </links>
      <icon>
        <ID/>
        <iconFontName>jdIonicons</iconFontName>
        <iconCode>62154</iconCode>
      </icon>
      <URL>D95E480717200F895E41DB6E5B869596.svg</URL>
    </control>
    <control controlID="BA759241-B423-4695-AC2E-EEB6D9F4A833" controlTypeID="TextInput" x="10" y="69" w="355" h="29" zOrder="2">
      <font family="Arial" displayName="Arial" postScript="" weightStyle="Regular" weight="400" isBold="False" isItalic="False"/>
      <text>Name+of+your+Job+Service+Request</text>
      <textColor>4291611852</textColor>
      <lineSpacing>0</lineSpacing>
      <selectedIndex>-1</selectedIndex>
    </control>
    <control controlID="4B4A6A38-FCCA-43EE-8E7B-B37A46C9E238" controlTypeID="Shape" x="10" y="124" w="355" h="120" zOrder="3">
      <font family="Arial" displayName="Arial" postScript="" weightStyle="Regular" weight="400" isBold="False" isItalic="False"/>
      <text>Describe+Job+Service+Request+details</text>
      <textColor>4291611852</textColor>
      <textSize>14</textSize>
      <textAlign>HaLeft</textAlign>
      <textVAlign>VaTop</textVAlign>
      <selectedIndex>-1</selectedIndex>
    </control>
    <control controlID="2E3D8DB4-92CB-4D2A-A8B8-7464016B6017" controlTypeID="TextInput" x="10" y="258" w="355" h="35" zOrder="4">
      <font family="Arial" displayName="Arial" postScript="" weightStyle="Regular" weight="400" isBold="False" isItalic="False"/>
      <text>select+from+Professional+Category+list</text>
      <textColor>4291611852</textColor>
      <lineSpacing>0</lineSpacing>
      <selectedIndex>-1</selectedIndex>
    </control>
    <control controlID="0B44A796-33A1-47EE-9B00-97FF6225075C" controlTypeID="Shape" x="10" y="312" w="355" h="59" zOrder="5">
      <font family="Arial" displayName="Arial" postScript="" weightStyle="Regular" weight="400" isBold="False" isItalic="False"/>
      <text>What+is+Skill+tags+required+to+accomplish+Job%3F+autocomplete+text</text>
      <textColor>4291611852</textColor>
      <textSize>14</textSize>
      <textAlign>HaLeft</textAlign>
      <textVAlign>VaTop</textVAlign>
      <selectedIndex>-1</selectedIndex>
    </control>
    <control controlID="EB9EC443-9D92-48BC-9A4E-5BDEEF90C2C2" controlTypeID="NumericStepper" x="136" y="390" w="229" h="32" zOrder="6">
      <font family="Arial" displayName="Arial" postScript="" weightStyle="Regular" weight="400" isBold="False" isItalic="False"/>
      <text>3</text>
      <textSize>14</textSize>
      <lineSpacing>0</lineSpacing>
      <selectedIndex>-1</selectedIndex>
    </control>
    <control controlID="234BED93-617B-4FA6-B6C0-432D7D8D33BC" controlTypeID="Label" x="10" y="398" w="110" h="17" zOrder="7">
      <font family="Arial" displayName="Arial" postScript="" weightStyle="Regular" weight="400" isBold="False" isItalic="False"/>
      <text>Estimated+Budget</text>
      <lineSpacing>0</lineSpacing>
      <selectedIndex>-1</selectedIndex>
    </control>
    <control controlID="EBAC6E1C-150C-461B-B904-7C17561A7D86" controlTypeID="Button" x="128" y="611" w="120" h="48" zOrder="8">
      <color>4278229503</color>
      <links eventType="AtClick" animate="AmPushRight" animateAutoDelay="0" animateDuration="500">
        <link targetPageID="3A00EB09-B21C-4ED3-9C5E-3717CFA3097A" linkType="ltPageLink" isApplyIncludePage="False" title="My+Jobs">
          <area shape="0" alt="" ID="{7671C6A7-B86E-4C7F-B903-29A0FBC2A16F}" coords="(0,0,120,48)"/>
        </link>
      </links>
      <font family="Arial" displayName="Arial+Bold" postScript="" weightStyle="Bold" weight="700" isBold="True" isItalic="False"/>
      <text>Post+Request</text>
      <textColor>4294967295</textColor>
      <lineSpacing>0</lineSpacing>
      <textStyles>[fsBold]</textStyles>
      <selectedIndex>-1</selectedIndex>
    </control>
    <control controlID="46726E0B-F7FD-4BBD-AB8F-3FDD924E7B44" controlTypeID="RadioButtonGroup" x="10" y="519" w="355" h="82" zOrder="9">
      <links eventType="AtClick" animate="AmPushRight" animateAutoDelay="0" animateDuration="500">
        <link targetPageID="" linkType="ltPageLink" isApplyIncludePage="False" title="Ask+for+Bids">
          <area shape="0" alt="" ID="{382A78BD-1500-4403-B553-FC597B197A4B}" coords="(0,0,355,36)"/>
        </link>
        <link targetPageID="4BAC16AE-0091-4993-B3E7-9ED687F043F1" linkType="ltPageLink" isApplyIncludePage="False" title="Hire+Professional">
          <area shape="0" alt="" ID="{F1DE760A-B37F-4B3B-B8AC-93481D04F4BD}" coords="(0,46,355,82)"/>
        </link>
      </links>
      <font family="Arial" displayName="Arial" postScript="" weightStyle="Regular" weight="400" isBold="False" isItalic="False"/>
      <text>Ask+for+Bids%0D%0AHire+Professional%0D%0A</text>
      <textSize>14</textSize>
      <lineSpacing>0</lineSpacing>
      <size>15</size>
      <itemHeight>36</itemHeight>
      <itemRect>[{"left":0,"top":0,"right":355,"bottom":36},{"left":0,"top":46,"right":355,"bottom":82}]</itemRect>
    </control>
    <control controlID="9F08115E-5B59-4DE3-AFEA-73072F43B18C" controlTypeID="IconLabel2" x="10" y="432" w="70" h="42" zOrder="10">
      <groupChildrenDescriptors>
        <control controlID="A22D5055-7EC1-4A31-8EA6-CAEAE81EF8F3" controlTypeID="Shape" x="23" y="0" w="24" h="24" zOrder="0">
          <canMove>False</canMove>
          <alias>shape</alias>
          <font family="Arial" displayName="Arial" postScript="" weightStyle="Regular" weight="400" isBold="False" isItalic="False"/>
          <textSize>14</textSize>
        </control>
        <control controlID="6DB3FA57-C2C4-43EC-B1C8-11FDA02DBE14" controlTypeID="Icon" x="23" y="0" w="24" h="24" zOrder="1">
          <canMove>False</canMove>
          <alias>icon</alias>
          <icon>
            <ID/>
            <iconFontName>jdIonicons</iconFontName>
            <iconCode>62185</iconCode>
          </icon>
          <URL>2784B999C40CAFF09E2D9FF5F4DBA473.svg</URL>
        </control>
        <control controlID="816DBB5A-9C30-494C-BAE9-B8D20B672B31" controlTypeID="Label" x="2" y="28" w="66" h="14" zOrder="2">
          <canMove>False</canMove>
          <alias>label</alias>
          <font family="Arial" displayName="Arial" postScript="" weightStyle="Regular" weight="400" isBold="False" isItalic="False"/>
          <text>You+Address</text>
          <textSize>12</textSize>
          <textAlign>HaCenter</textAlign>
          <lineSpacing>0</lineSpacing>
        </control>
        <control controlID="5DBCC20D-8A51-404C-9BFF-3018DE30A289" controlTypeID="Shape" x="57" y="0" w="13" h="12" zOrder="3">
          <color>4294901760</color>
          <borderVisible>False</borderVisible>
          <canMove>False</canMove>
          <alias>alarm</alias>
          <font family="Arial" displayName="Arial" postScript="" weightStyle="Regular" weight="400" isBold="False" isItalic="False"/>
          <text>2</text>
          <textColor>4294967295</textColor>
          <textSize>7</textSize>
          <radius>100</radius>
          <radiusIsPercent>True</radiusIsPercent>
        </control>
      </groupChildrenDescriptors>
    </control>
    <control controlID="F29EC010-7F90-4228-AF4B-54581D8BB7AE" controlTypeID="TextInput" x="136" y="433" w="229" h="39" zOrder="11">
      <font family="Arial" displayName="Arial" postScript="" weightStyle="Regular" weight="400" isBold="False" isItalic="False"/>
      <text>return+Address+powered+by+Google</text>
      <textColor>4284900966</textColor>
      <lineSpacing>0</lineSpacing>
    </control>
    <control controlID="0E617557-0379-43E4-8257-AC44AFB034C1" controlTypeID="DateTimePicker" x="136" y="482" w="229" h="39" zOrder="12">
      <font family="Arial" displayName="Arial" postScript="" weightStyle="Regular" weight="400" isBold="False" isItalic="False"/>
      <text>DD+%2F+MM+%2F++YYYY+14%3A45</text>
      <textColor>4284900966</textColor>
      <textSize>14</textSize>
      <lineSpacing>0</lineSpacing>
    </control>
    <control controlID="4FF5EFE4-0EF3-4380-A338-684872AEB934" controlTypeID="Label" x="8" y="493" w="111" h="17" zOrder="13">
      <font family="Arial" displayName="Arial" postScript="" weightStyle="Regular" weight="400" isBold="False" isItalic="False"/>
      <text>Appointment+Date</text>
      <lineSpacing>0</lineSpacing>
      <useDefaultTextSize>False</useDefaultTextSize>
    </control>
  </controls>
  <param>
    <backgroundColor>4294967295</backgroundColor>
    <fontSize>0</fontSize>
    <fontFamily>Arial</fontFamily>
    <guideLines/>
  </param>
</mockup>